id,name,description,courseId
3,"Yoga doux","<p>Une pratique amenant une relaxation importante par son rythme plus lent et ses postures ax&eacute;es sur la flexibilit&eacute; et la d&eacute;tente.</p>",2
4,"Yoga en force","Un cours où les postures seront en alternance statique et en mouvement offrant un défi de force, d'endurance et d'équilibre plus grand.",2
6,Yoga,"",4
7,"Qi Gong","Dans un même cours, il y a de la méditation, de l'automassage et plusieurs courtes formes d'exercices coordonnées avec la respiration. Les cours comprennent des étirements très simples et faciles à mémoriser. 
<ul>
Le Qi Gong agit, entre autre, sur la circulation énergétique, favorise la régénérescence des tissus et ralenti l'usure de l'organisme en espérant augmenter notre longévité.",5
11,"Taï Chi - Gymnastique sensorielle","<p><b>Introspection - Mouvements - Partage </b><br /><br />Une m&eacute;ditation en mouvement&hellip;<br /><br />&Agrave; travers une gamme d&#39;exercices simples et gr&acirc;cieux, qui se font assis ou debout, dans une lenteur rel&acirc;ch&eacute;e, avec ou sans musique, ces mouvements permettent d&#39;entretenir un &eacute;tat de fluidit&eacute; au niveau articulaire, de r&eacute;duire le stress, l&#39;anxi&eacute;t&eacute; et la douleur, d&#39;enrichir ses savoirs et la confiance en soi.<br /><br />Johanne vous accompagnera &agrave; cr&eacute;er les conditions pour: se rencontrer, rencontrer les diff&eacute;rentes parties de soi, les accueillir, ressentir son corps et retrouver le plaisir de l&#39;habiter.<br /><br />Ces mouvements s&#39;adressent aux personnes de tout &acirc;ge.<br />Chaque cours est adapt&eacute; aux besoins du groupe.<br /><br />Pour les personnes d&eacute;sirant apprendre &agrave; :</p><ul><li>&Ecirc;tre dans le moment pr&eacute;sent</li><li>Relaxer et prendre un temps pour soi</li><li>&Ecirc;tre plus &agrave; l&#39;&eacute;coute de son corps et de ses besoins</li><li>Retrouver un bien-&ecirc;tre (sensation d&#39;unit&eacute; corps-esprit)</li></ul><p>Cours avec th&eacute;matiques:</p><ul><li>Encha&icirc;nement de mouvements</li><li>Coordination</li><li>Rythme et vitalit&eacute;</li><li>Mouvements pour le dos</li><li>Accordage corps/psychisme</li><li>Relation &agrave; soi et aux autres</li></ul><p>Johanne guide des rencontres, depuis plusieurs ann&eacute;es, dans un climat d&#39;accueil, de respect et de confiance propice &agrave; la d&eacute;tente et &agrave; la rencontre avec son corps et son monde int&eacute;rieur.<br /><br />Elle offre aussi des rencontres individuelles et des soins th&eacute;rapeutiques de fasciath&eacute;rapie et de drainage lymphatique.</p>",6
12,"Méditation","<p>Un entra&icirc;nement en 11 &eacute;tapes<br />11 facteurs mentaux vertueux</p><p>19 oct &bull; Des actions saines pour un esprit sain<br />26 oct &bull; La libert&eacute; du d&eacute;tachement<br />2 nov &bull; Un esprit calme et positif<br />9 nov &bull; Les bienfaits de la sagesse<br />16 nov &bull; La flexibilit&eacute; de l&rsquo;esprit<br />23 nov &bull; Prot&eacute;g&eacute; de la n&eacute;gativit&eacute;<br />30 nov &bull; La compassion</p>",8
13,"Yoga prénatal","<p class=""MsoNormal"" style=""line-height: 20.7999992370605px;"">Le yoga pr&eacute; natal se veut une excellente introduction dans le monde du yoga. Les s&eacute;ances comprennent des asanas, (postures) simples, des pranayamas (techniques de respiration) et des bandhas (contractions musculaires). Les s&eacute;ances se termineront toujours par une relaxation.</p><p class=""MsoNormal"" style=""line-height: 20.7999992370605px;"">Le yoga pr&eacute; natal est une excellente occasion de vivre sa grossesse dans la confiance et la &laquo;&nbsp;pleine conscience&nbsp;&raquo;. Les s&eacute;ances aident &agrave; assouplir le corps,&nbsp; elles aident &agrave; contr&ocirc;ler la&nbsp; respiration, &agrave; prendre conscience de chaque &eacute;tape de la grossesse et procurent un effet de bien-&ecirc;tre g&eacute;n&eacute;ral chez la maman.</p><p class=""MsoNormal"" style=""line-height: 20.7999992370605px;"">Un cours qui peut vous aider durant la grossesse, la maternit&eacute;&hellip; ou toute la vie!</p><p class=""MsoNormal"" style=""line-height: 20.7999992370605px;"">Bienvenue &agrave; toutes.</p>",9
14,"Qi Gong Céline Gagné","<p class=""MsoNormal"" style=""margin-bottom:0cm;margin-bottom:.0001pt;line-height:
150%""><span style=""font-size:12.0pt;line-height:150%;font-family:&quot;Arial&quot;,&quot;sans-serif&quot;;
color:#404040"">Le Qi Gong est un art de sant&eacute; qui r&eacute;unit diff&eacute;rentes techniques corporelles, respiratoires et m&eacute;ditatives issues de la tradition chinoise. Ces exercices sont pratiqu&eacute;s depuis des mill&eacute;naires pour leurs bienfaits autant sur le plan de la sant&eacute; physique, &eacute;motionnelle que mentale. Le terme Qi (Chi) fait r&eacute;f&eacute;rence &agrave; cette force de vie qui soutient notre &ecirc;tre et le terme Gong d&eacute;signe l&rsquo;entra&icirc;nement. En route vers une &eacute;nergie plus libre et gu&eacute;rissante.<o:p></o:p></span></p><p class=""MsoNormal"" style=""margin-bottom:0cm;margin-bottom:.0001pt;line-height:
150%""><b><span style=""font-size:12.0pt;line-height:150%;font-family:&quot;Arial&quot;,&quot;sans-serif&quot;;
color:#404040""><o:p>&nbsp;</o:p></span></b><b><span style=""font-size:12.0pt;line-height:150%;font-family:&quot;Arial&quot;,&quot;sans-serif&quot;;
color:#404040"">Au programme</span></b><br /><span style=""font-size:12.0pt;
line-height:150%;font-family:&quot;Arial&quot;,&quot;sans-serif&quot;;color:#404040"">Apprentissage du ZhiNeng Qi Gong 2&egrave; m&eacute;thode, Nul besoin d&rsquo;avoir suivi le 1er pour s&rsquo;int&eacute;grer au groupe.&nbsp;<br /><a target=""_blank"" href=""http://etreenmouvement.qigongmontreal.info/cours/zhi-neng-qi-gong/"">Visitez le site de site de Mme Gagn&eacute; pour plus de d</a></span><a target=""_blank"" href=""http://etreenmouvement.qigongmontreal.info/cours/zhi-neng-qi-gong/""><span style=""font-size:12.0pt;line-height:150%;font-family:&quot;Arial&quot;,&quot;sans-serif&quot;"">&eacute;tails</span></a><span style=""font-size:12.0pt;line-height:150%;font-family:&quot;Arial&quot;,&quot;sans-serif&quot;;
color:#404040""><a target=""_blank"" href=""http://etreenmouvement.qigongmontreal.info/cours/zhi-neng-qi-gong/"">.&nbsp;</a><o:p></o:p></span></p>",10
15,"Yoga sur chaise","<p class=""MsoNormal"">Yoga adapt&eacute; aux ain&eacute;s et aux personnes &agrave; mobilit&eacute; r&eacute;duite.<br />Toutefois ce yoga peut &ecirc;tre pratiqu&eacute; par tous.<br />Nous effectuons des techniques de respiration,&nbsp;des salutations au soleil et des postures de yoga sur chaise, debout et couch&eacute;es.<o:p></o:p></p><p class=""MsoNormal"">Vous aurez le m&ecirc;me effet b&eacute;n&eacute;fique du yoga&hellip;<br />(Formation faite avec Carole Morency)<o:p></o:p></p>",3
17,"5 ateliers avec Marie-Andrée Beaumier","<p>Appelez d&egrave;s maintenant pour r&eacute;server votre place ou passez &agrave; la boutique pour laisser un d&eacute;p&ocirc;t de 10$.&nbsp;</p><p>Pour plus de renseignements ou pour vous inscrire, veuillez communiquer directement avec&nbsp;<br />Marie-Andr&eacute;e Beaumier au 450-474-6085.&nbsp;</p><p><br />Une maman de l&rsquo;atelier de l&rsquo;automne a &eacute;crit ceci :<br />Ce que j&rsquo;ai aim&eacute; : &laquo; Tout, les conseils, les r&eacute;flexions sur les diff&eacute;rents sujets et surtout d&rsquo;avoir trouv&eacute; une hom&eacute;opathe pour des consultations ult&eacute;rieures. &raquo; Appr&eacute;ciation de l&rsquo;enseignante : &laquo; Tr&egrave;s sympathique, tr&egrave;s comp&eacute;tente, tr&egrave;s gentille, tr&egrave;s disponible, etc &raquo;<br />Sophie Beauchamp, comptable.</p>",11
18,"Yoga pour tous","<p class=""MsoNormal"" style=""margin-bottom: 0.0001pt; line-height: normal; background-image: initial; background-attachment: initial; background-size: initial; background-origin: initial; background-clip: initial; background-position: initial; background-repeat: initial;""><span style=""font-size: 12pt; font-family: Arial, sans-serif; color: rgb(34, 34, 34); background-image: initial; background-attachment: initial; background-size: initial; background-origin: initial; background-clip: initial; background-position: initial; background-repeat: initial;"">Son style d&rsquo;enseignement est un m&eacute;lange de Hatha (yoga de base), Hatha Flow (en mouvement), yoga athl&eacute;tique, yoga th&eacute;rapeutique et m&eacute;ditation. Elle&nbsp;utilise la musique pour cr&eacute;er des encha&icirc;nements fluides tout en respectant l&rsquo;alignement, les besoins particuliers et la PR&Eacute;SENCE &Agrave; SOI. La correction posturale et l&rsquo;assistance personnalis&eacute;e sont tr&egrave;s pr&eacute;sentes tout comme le sont la d&eacute;tente et l&rsquo;humour.&nbsp;</span><br />&nbsp;</p><p class=""MsoNormal"" style=""margin-bottom: 0.0001pt; line-height: normal; background-image: initial; background-attachment: initial; background-size: initial; background-origin: initial; background-clip: initial; background-position: initial; background-repeat: initial;""><span style=""font-size: 8pt; font-family: Arial, sans-serif; color: rgb(34, 34, 34);""><o:p></o:p></span></p><p class=""MsoNormal"" style=""margin-bottom: 0.0001pt; line-height: normal; background-image: initial; background-attachment: initial; background-size: initial; background-origin: initial; background-clip: initial; background-position: initial; background-repeat: initial;""><span style=""font-size: 12pt; font-family: Arial, sans-serif; color: rgb(34, 34, 34); background-image: initial; background-attachment: initial; background-size: initial; background-origin: initial; background-clip: initial; background-position: initial; background-repeat: initial;"">Comme le yoga ne concerne pas que les postures physiques, Alysson aime&nbsp;communiquer &agrave; ses &eacute;l&egrave;ves des parall&egrave;les importants avec la vie de tous les jours afin que dans leurs coeurs et leurs corps se cr&eacute;ent des espaces propices &agrave; la r&eacute;flexion, &agrave; l&#39;&eacute;panouissement personnel et &agrave; l&#39;ouverture de la Conscience.</span><br /><br /><span style=""font-size: 12pt; font-family: Arial, sans-serif; color: rgb(34, 34, 34); background-image: initial; background-attachment: initial; background-size: initial; background-origin: initial; background-clip: initial; background-position: initial; background-repeat: initial;"">Pour les gens qui veulent approfondir leur pratique et se reconnecter avec leur petite voix int&eacute;rieure, elle&nbsp;offre &eacute;galement des retraites de yoga d&#39;une journ&eacute;e &agrave; Sainte-Julienne o&ugrave; yoga, m&eacute;ditation et randonn&eacute;e en nature sont combin&eacute;s afin que priorit&eacute;s et directions puissent &eacute;merger librement. Pour plus d&#39;infos,&nbsp;<a href=""https://www.facebook.com/RetraitesDeYoga"">consultez sa page Facebook</a>.</span><br />&nbsp;</p>",12
20,"Méditation pour tous","",14
21,"Méditation pour 7 jeudis","",15
22,Viniyoga,"<p class=""MsoNormal""><em><span style=""mso-ansi-language:FR-CA;font-style:normal;
mso-bidi-font-style:italic"">Le viniyoga c&#39;est le yoga de l&#39;instant pr&eacute;sent, le yoga de la pleine conscience. C&#39;est un yoga progressif qui mise au d&eacute;part sur la conscience du souffle, l&#39;&eacute;tape la plus importante de la m&eacute;ditation. Pas &eacute;tonnant que les gens qui commencent &agrave; faire du yoga affirment qu&#39;ils recommencent &agrave; respirer... On y explore donc l&#39;expansion thoracique, la dilatation de l&#39;abdomen... tout se fait dans la pleine conscience.<br /><br />Les postures s&#39;encha&icirc;nent de fa&ccedil;on dynamique, en y int&eacute;grant aussi des moments de postures statiques pour pratiquer l&#39;endurance et l&rsquo;&eacute;quilibre. Elles sont toujours en harmonie avec le souffle, car tout au long des s&eacute;ances, c&#39;est lui qui nous guide.<br /><br />Le but ultime du viniyoga est de faire cesser l&#39;agitation du mental afin de revenir &agrave; la Source, le Soi. Ainsi, lorsque le mental est clair, il est beaucoup plus facile de prendre une d&eacute;cision, car ni les peurs, ni l&#39;&eacute;go, ni les d&eacute;sirs, ni les &eacute;motions peuvent interf&eacute;rer.&nbsp;<br /><br />Par les postures, les techniques de respiration et l&#39;observation de nos r&eacute;actions, le viniyoga nous fait forc&eacute;ment grandir, car l&#39;&eacute;tude que l&#39;on fait de soi nous am&egrave;ne &agrave; modifier certains comportements et &agrave; adopter des attitudes saines pour soi et pour les autres.<br /><br />Les postures nous apportent de la souplesse (autant au niveau physique que mental), un &eacute;tirement des muscles du corps, plus d&#39;endurance, un grand effet de calme, un &eacute;panouissement personnel, un meilleur rythme cardiaque, ainsi qu&rsquo;une meilleure gestion du stress et de l&#39;anxi&eacute;t&eacute;.<br /><br />Pour moi une s&eacute;ance de viniyoga c&#39;est la totale, car &ccedil;a me permet de faire le vide et le plein &agrave; la fois...<o:p></o:p></span></em></p><p class=""MsoNormal""><em><span style=""mso-ansi-language:FR-CA;font-style:normal;
mso-bidi-font-style:italic"">Bienvenue &agrave; tous ceux qui ont leur bien-&ecirc;tre &agrave; coeur <o:p></o:p></span></em></p><p class=""MsoNormal""><em><span lang=""EN-US"" style=""font-style:normal;mso-bidi-font-style:
italic"">Namast&eacute;&nbsp;<o:p></o:p></span></em></p>",9
23,"Hatha yoga","<p class=""MsoNormal"" style=""margin-bottom:0cm;margin-bottom:.0001pt;text-align:
justify;line-height:normal"">Le <b>Hatha yoga</b> signifie litt&eacute;ralement mettre en harmonie en nous l&rsquo;&eacute;nergie du Ha (force solaire, masculine) et du Tha (force lunaire, f&eacute;minine). Ces deux forces oppos&eacute;es mais compl&eacute;mentaires au sein du corps physique se trouvent harmonis&eacute;es peu &agrave; peu par la pratique r&eacute;guli&egrave;re qui renforce ce type de yoga. C&rsquo;est par les multiples postures soutenues et les diverses techniques de contr&ocirc;le du souffle que le praticien peut arriver de fa&ccedil;on progressive &agrave; un &eacute;tat de mieux-&ecirc;tre, une d&eacute;tente profonde du corps et du syst&egrave;me nerveux. Ainsi, l&rsquo;acquisition progressive de plus de force, d&rsquo;&eacute;quilibre et de souplesse lui conf&egrave;re une sant&eacute; optimale et le pousse &agrave; explorer sa r&eacute;alit&eacute; spirituelle unique. &nbsp;<o:p></o:p></p>",16
24,"Vinyasa yoga","<p class=""MsoNormal"" style=""mso-margin-top-alt:auto;mso-margin-bottom-alt:auto;
text-align:justify;line-height:normal"">Ses s&eacute;ances de <b>Vinyasa yoga</b> &nbsp;sont constitu&eacute;es d&rsquo;enchainements de postures dynamiques o&ugrave; la beaut&eacute; et la gr&acirc;ce des mouvements sont exprim&eacute;es en accord avec le souffle, la pr&eacute;sence &agrave; soi et &agrave; son corps. Ce yoga est le principal qu&rsquo;elle enseigne, &nbsp;son rythme soutenu est une v&eacute;ritable m&eacute;ditation en mouvement ce qui am&egrave;ne l&rsquo;esprit &agrave; faire cro&icirc;tre sa concentration en faisant taire le mental. L&rsquo;encha&icirc;nement vari&eacute; et synchronis&eacute; des postures permet d&rsquo;&eacute;veiller graduellement&nbsp;&laquo;les &eacute;nergies subtiles de la circulation&nbsp; et de faire &eacute;voluer son corps dans l&rsquo;espace comme une danse fluide. Le flot naturel des s&eacute;quences r&eacute;p&eacute;titives et diversifi&eacute;es permettent peu &agrave; peu de modeler son corps en lui octroyant l&rsquo;aisance, la mobilit&eacute; et la souplesse optimale pour faire &eacute;voluer l&rsquo;&eacute;l&egrave;ve au rythme de sa pratique en accroissant son &eacute;nergie et sa chaleur, ses capacit&eacute;s respiratoires et sa puissance. Ce style s&rsquo;adresse davantage aux gens qui souhaitent bouger de fa&ccedil;on dynamique et tonique.&nbsp;<span style=""font-size:12.0pt;font-family:&quot;Times New Roman&quot;,serif;
mso-fareast-font-family:&quot;Times New Roman&quot;;mso-ansi-language:FR-CA""><o:p></o:p></span></p>",16
25,"Qi Gong Francine Leduc","<p class=""MsoNormal"">Les Qi Gong (Qi: &eacute;nergie, Gong: travail), exercices de sant&eacute; chinois visent une pr&eacute;servation et une am&eacute;lioration globale de la sant&eacute;: physique, &eacute;motionnelle &nbsp;et mentale.<o:p></o:p></p><p class=""MsoNormal"">Les postures, respirations et techniques m&eacute;ditatives en sont la base.<o:p></o:p></p><p class=""MsoNormal"">Le cours <em>D&eacute;butant </em>permet &nbsp;l&#39;initiation au Qi&nbsp;Gong: pens&eacute;e, posture, respiration, notions th&eacute;oriques de base et pratique.<o:p></o:p></p><p class=""MsoNormal"">Le&nbsp;cours <em>Avanc&eacute;</em> permet l&#39;approfondissement des Qi Gong d&eacute;j&agrave; vus et l&#39;ajout de d&#39;autres Qi Gong qui se veulent plus&nbsp;sp&eacute;cifiques selon les saisons et l&#39;avancement des participants.<o:p></o:p></p><p class=""MsoNormal""><u>Une courte partie th&eacute;orique&nbsp;et la remise d&#39;une documentation en lien avec le cours</u>.facilite la compr&eacute;hension et la m&eacute;morisation des Qi Gong offerts, donc, la pratique &agrave; la maison.<o:p></o:p><br />* Les cours se donnent en petits groupes.<br /><br />Francine offre &eacute;galement des cours chez elle le mercredi de 13h30 &agrave; 15h et de 19h30 &agrave; 21h. Communiquez directement avec elle pour vous inscrire.</p><p class=""MsoNormal""><o:p></o:p></p>",17
26,"Atelier OUVRIR À SA SPENDEUR","<p>Bienvenue &agrave; tous!<br />AUX DEUX SEMAINES<br />Les jeudis:&nbsp;<br /><br />29 octobre<br />12 et 26 novembre</p>",18
27,"Rencontre avec Caroline Veilleux","<p>Pour davantage d&#39;informations, communiquer directement avec Caroline Veilleux<br />Prochaines dates: mercredi 3 juin. ( &agrave; l&#39;&Eacute;co-Boutique dans la salle de yoga!)</p>",19
28,"Soirée avec Sylvie Major","<p>D&eacute;but de la m&eacute;ditation : &nbsp;19h<br />Retour &agrave; soi : &nbsp;20h15<br />Sagesse des connaissances: jusqu&rsquo;&agrave; 20h30<br /><br />D&eacute;couvrir la voix de la croissance personnelle, livrez-vous &agrave; la m&eacute;ditation et&nbsp;apprenez &agrave; mieux vous conna&icirc;tre.</p><p>Nous employons des techniques sp&eacute;cialis&eacute;es permettant de contr&ocirc;ler le flux d&rsquo;&eacute;nergie profond et de ma&icirc;triser tous les aspects de votre vie afin d&rsquo;atteindre un bien-&ecirc;tre &agrave; la fois physique, &eacute;motionnel, et mental pour trouver la s&eacute;r&eacute;nit&eacute; et l&rsquo;&eacute;quilibre.&nbsp;&nbsp; &nbsp;&nbsp;&nbsp; &nbsp;&nbsp;&nbsp; &nbsp;</p><p><u><strong>CALENDRIER DES M&Eacute;DITATIONS :</strong></u><br />M&eacute;diter pour se conna&icirc;tre :&nbsp;C&rsquo;est une suite de rencontre inter-reli&eacute;e avec un processus de changement et de gu&eacute;rison int&eacute;rieur.</p><ul><li>26 F&Eacute;VRIER: CUIVRE= SACR&Eacute;................................<strong>Pyramide de gu&eacute;rison</strong></li><li>4 MARS :&nbsp;JAUNE OR= SOLEIL INT&Eacute;RIEUR.............<strong>&Eacute;mergence de l&rsquo;individualit&eacute;</strong></li><li>11 MARS: VERT= S&rsquo;AIMER.....................................<strong>L&rsquo;expansion de vivre / l&rsquo;antre avec Dieu</strong></li><li>25 MARS: BLEU= COMMUNICATION.....................<strong>Horizon ciel et mer, les vagues de la vie</strong></li><li>1er&nbsp;AVRIL: INDIGO= CONTEMPLER.......................<strong>Maturit&eacute; et spiritualit&eacute;</strong></li><li>8 &nbsp;AVRIL : VIOLET= CONSCIENCE COSMIQUE......<strong>L&rsquo;&eacute;quilibre entre &nbsp;ciel et terre,&nbsp;les couronnes&nbsp;de la vie</strong></li><li>22 AVRIL : OR=L&rsquo;UNION ET EXPENSION...............<strong>La 1&egrave;re porte du ciel</strong></li><li>29 AVRIL : Encrage horizontal.................................<strong>Force subtile en action</strong></li></ul><p>&nbsp; &nbsp; &nbsp; &nbsp; &nbsp; &nbsp;<br /><u><strong>Roue de lumi&egrave;re</strong></u><br />Le mot CHAKRA vient de l&rsquo;ancien sanscrit et cela signifie : ROUE DE LUMI&Egrave;RE. Les roues de lumi&egrave;re sont garant de la sant&eacute; physique, de la stabilit&eacute; &eacute;motionnelle et de la paix mentale chez l&rsquo;&ecirc;tre humain.<br />OBJECTIF DE CES RENCONTRES&nbsp;</p><p>&bull;&nbsp;&nbsp; &nbsp;Apporte l&rsquo;amour et la sagesse<br />&bull;&nbsp;&nbsp; &nbsp;Ouverture de conscience&nbsp;<br />&bull;&nbsp;&nbsp; &nbsp;Vivre l&rsquo;instant pr&eacute;sent<br />&bull;&nbsp;&nbsp; &nbsp;Ressentir l&rsquo;&eacute;nergie subtile&nbsp;<br />&bull;&nbsp;&nbsp; &nbsp;Une paix int&eacute;rieure<br />&bull;&nbsp;&nbsp; &nbsp;Une vie en &eacute;quilibre<br />&bull;&nbsp;&nbsp; &nbsp;Un bien-&ecirc;tre<br />LE TOUT POUR VIVRE ENHARMONIE.<br />&nbsp;</p><p><u><strong>&Agrave; VENIR</strong></u> : &nbsp;la th&eacute;rapie des roues de lumi&egrave;re&nbsp;&nbsp; &nbsp;&nbsp;&nbsp; &nbsp; &nbsp; &nbsp; &nbsp; &nbsp;&nbsp; &nbsp;&nbsp;</p><p>M&Eacute;DITATION&nbsp;&nbsp;sur&nbsp;CHAISE Z&Eacute;RO GRAVIT&Eacute; =&nbsp;CONFORT ABSOLU<br />GUID&Eacute; par : SYVLIE MAJOR</p><p>L&rsquo;invitation &agrave; un voyage&nbsp;int&eacute;rieur au c&oelig;ur des sens&nbsp;sacr&eacute;s</p><p>N.B : SVP veuillez r&eacute;server vos chaises z&eacute;ro gravit&eacute; car les places sont limit&eacute;es.<br />R&Eacute;SERVATION : 514-998-9133 , <a href=""mailto:luniqueprojetdevie@hotmail.com?subject=M'inscrire%20%C3%A0%20la%20prochaine%20soir%C3%A9e%20avec%20Sylvie%20Major"">luniqueprojetdevie@hotmail.com</a></p><p>&nbsp;</p><p class=""MsoNormal""><span style=""font-family:&quot;Times New Roman&quot;,&quot;serif&quot;;mso-bidi-font-family:&quot;Times New Roman&quot;;
mso-bidi-theme-font:minor-bidi;mso-fareast-language:FR-CA""><o:p></o:p></span></p>",20
29,"Rencontre privée",<p>Bienvenue!</p>,22
30,"Séance privée","<p><strong>S&eacute;ance priv&eacute;e:&nbsp;Lecture de l&rsquo;Aura et gu&eacute;rison &eacute;nerg&eacute;tique</strong><br />Accompagn&eacute; de Thot, Marie, Merlin&hellip;<br />Nous serons assis pour cette p&eacute;riode.</p><p>Au d&eacute;but balancement des chakras<br />Puis lecture des chakras de la base en montant.<br />Ouverture du c&oelig;ur - 3e &OElig;il &ndash; Base<br />Lecture des plans de l&rsquo;Aura &nbsp;et du plan Causal<br />Toujours dans le but de s&rsquo;ouvrir &agrave; la R&Eacute;ALISATION de son &Ecirc;TRE<br />de mieux se conna&icirc;tre et de l&rsquo;unification de toutes ses parties&hellip;</p><p><span style=""line-height: 20.8px;"">Dans la salle de yoga de l&#39;&Eacute;co-Boutique Un monde &agrave; vie&nbsp;</span><br style=""line-height: 20.8px;"" /><span style=""line-height: 20.8px;"">1h15: 70$</span></p><p><strong>S&eacute;ance priv&eacute;e : Soin &eacute;nerg&eacute;tique</strong><br />Accompagn&eacute; des Ma&icirc;tres, Ange Archages, Chirurgiens &eacute;nerg&eacute;tiques, Ma&icirc;tres encodeurs,<br />Certains sp&eacute;cialistes de diff&eacute;rentes m&eacute;decines, D&eacute;vas de la nature&hellip;<br />Vous serez couch&eacute; pour cette p&eacute;riode. &nbsp;1h</p><p>Pour une Harmonisation sur tous les plans de notre &Ecirc;tre et de son ADN.<br />R&eacute;alignement &eacute;nerg&eacute;tique, restructuration, r&eacute;encodage et j&rsquo;en passe&hellip;</p><p>Dans la salle de yoga de l&#39;&Eacute;co-Boutique Un monde &agrave; vie&nbsp;<br />1h15:&nbsp; 80$</p><p>Un jeudi sur 2,&nbsp;entre 10h &agrave; 15h&nbsp;<br />Bienvenue et au plaisir !<br />Charlotte Desjardins<br />R&eacute;servation &nbsp;450-822-8796 &nbsp; <a href=""mailto:charlottedesjardins@hotmail.ca   ?subject=S%C3%A9ance%20priv%C3%A9e"">charlottedesjardins@hotmail.ca &nbsp;&nbsp;</a></p>",18
32,"Yoga stretching","<p style=""line-height: 20.7999992370605px;"">Alliant le yoga Stretching (&eacute;tirement) et le yoga th&eacute;rapeutique, cette pratique consiste &agrave; &eacute;tirer les fascias, les ligaments et les muscles tout en privil&eacute;giant des postures qui ont un impact direct sur la flexibilit&eacute; du corps. Celles-ci seront soutenues &agrave; l&#39;aide de traversins, sangles, blocs et couvertures. Pratiqu&eacute;e le matin, cette forme de yoga permet de lib&eacute;rer les tensions, d&rsquo;ouvrir le corps et d&rsquo;entamer notre journ&eacute;e ou nos projets avec vitalit&eacute; et souplesse d&#39;esprit.</p>",24
33,"Yoga avec bébé","<p style=""line-height: 20.7999992370605px;"">Les cours de yoga avec b&eacute;b&eacute; s&#39;adressent aux mamans et aux papas qui veulent profiter d&#39;un moment de d&eacute;tente et de remise en forme tout en ayant leur b&eacute;b&eacute; &agrave; leurs c&ocirc;t&eacute;s. Il y a bien s&ucirc;r quelques exercices qui seront consacr&eacute;s aux b&eacute;b&eacute;s en fin de cours, mais le but premier n&#39;est pas, contrairement &agrave; ce qu&#39;on peut souvent penser, de faire faire du yoga aux b&eacute;b&eacute;s. Les postures qui sont faites avec le b&eacute;b&eacute; dans les bras ne sont pas non plus id&eacute;ales pour la posture de l&#39;adulte, je n&#39;en ferai donc pas faire aux &eacute;l&egrave;ves. C&#39;est avant tout un cours pour permettre aux parents de prendre un moment pour eux, chose rare apr&egrave;s la naissance d&#39;un enfant ! Je dis les mamans et papas car bien s&ucirc;r, c&#39;est surtout les mamans qui seront int&eacute;ress&eacute;es et disponibles pour les cours, mais il est tout de m&ecirc;me ouvert aux p&egrave;res. Le cours comprend des exercices d&#39;&eacute;tirement pour retrouver une bonne posture, qui peut &ecirc;tre alt&eacute;r&eacute;e par le fait de porter un b&eacute;b&eacute; de nombreuses heures par jour et par l&#39;allaitement qui peut donner des maux de dos. Il comprend aussi des exercices de tonification du p&eacute;rin&eacute;e et des abdominaux et des exercices de respiration et de relaxation en fin de cours. Il est fortement conseill&eacute; d&#39;apporter un coussin d&#39;allaitement pour pouvoir allaiter en tout confort si n&eacute;cessaire durant le cours, ou d&#39;installer au mieux son b&eacute;b&eacute;. Tout est permis durant le cours, le jeu, le repos, l&#39;allaitement et bien s&ucirc;r le changement de couches.&nbsp;</p>",25
34,"Yoga parent-enfant","<p><span style=""line-height: 20.7999992370605px;"">&laquo; Karine poursuit une formation de plus de 300 heures en m&eacute;ditation et yoga &agrave; l&rsquo;&eacute;cole de formation Christina Sergi. &nbsp;Elle sera dipl&ocirc;m&eacute;e au cours de la prochaine ann&eacute;e. &nbsp;Elle pratique &eacute;galement sur une base quotidienne, ce qui lui conf&egrave;re plus de 10 heures de yoga par semaine&hellip; &raquo;</span></p>",26
36,Joy-a,"<p>a se passe dans la &#39;&#39;joy&#39;&#39; la plus pure et la libert&eacute; la plus totale. Allez, on laisse les &eacute;gos aux vestiaires. Puisqu&#39;en Joy-a, nous ne sommes pas l&agrave; pour impressioner la galerie. Nous ne sommes pas dans &#39;&#39;le faire&#39;&#39;, on est dans &#39;&#39;l&#39;&ecirc;tre.&#39;&#39; &nbsp;Si votre perception de la danse est celle de suivre des pas impos&eacute;s par une professeur, et bien, nous vous souhaitons la bienvenue dans un monde de libert&eacute;, d&#39;authenticit&eacute;, de plaisir, de rire, de frissons et d&#39;&eacute;motions. Le tout, en faisant son cardio. Magique, non ?&nbsp;<br />&nbsp;<br />Tout d&#39;abord &agrave; l&#39;accueil, vous rencontrerez votre animatrice Joy-a, Karine. Vous la reconna&icirc;trez par son dynamisme et sa joie de vivre contagieuse. Elle saura vous mettre &agrave; l&#39;aise d&#39;un premier regard. Un atelier Joy-a dure 90 minutes. C&#39;est long!!!!..... que certains commenteront peut-&ecirc;tre. Ehhhh bien non. C&#39;est que g&eacute;n&eacute;ralement, on est tellement habitu&eacute; &agrave; faire des exercices physiques dans la souffrance et le &#39;&#39;il le faut&#39;&#39;. 1h30 dans le plaisir et la fr&eacute;n&eacute;sie, &ccedil;a passe tellement rapidement.&nbsp;<br />&nbsp;<br />Puis, vous serez invit&eacute; &agrave; vous joindre &agrave; ce qu&#39;on appelle, le cercle d&#39;ouverture. &Agrave; ce moment pr&eacute;cis, votre animatrice Joy-a d&eacute;montrera sans doute des signes d&#39;excitation parfois non contr&ocirc;lables. C&#39;est qu&#39;elle sait ce qu&#39;elle vous a concoct&eacute; comme s&eacute;ance et qu&#39;elle a h&acirc;te de vous partager ce bonheur. Monter un plan de cours peut prendre des heures, voir des jours. Trouver le bon th&egrave;me, le filon, construire une ligne directrice, d&eacute;velopper les id&eacute;es d&#39;activit&eacute;s, les accessoires, les techniques d&#39;impact, le choix des bonnes chansons en lien avec l&agrave; o&ugrave; elle veut vous porter.... Les animatrices Joy-a sont des cr&eacute;atrices, des z&eacute;l&eacute;s-heureuses, des r&eacute;alisatrices d&#39;un talent inqualifiable et lorsque vient le temps du cercle d&#39;ouverture, elles ont h&acirc;te de vous partager le th&egrave;me de l&#39;atelier. Ce th&egrave;me aura &eacute;t&eacute; pr&eacute;alablement soigneusement concoct&eacute; en fonction d&#39;une des 9 &eacute;nergies Joy-a. &nbsp;Vous trouverez aussi fort probable une &eacute;nergie &eacute;lectrisante dans le groupe de participants joyateurs habitu&eacute;s. C&#39;est qu&#39;il s&#39;en cr&eacute;e des liens &agrave; travers Joy-a. Vous comprendrez apr&egrave;s l&#39;avoir essay&eacute;.&nbsp;<br />&nbsp;<br />&nbsp;<br />Puis, viendra le temps d&#39;exp&eacute;rimenter le th&egrave;me de l&#39;atelier en mouvement. Ohhhhh, on devine d&eacute;j&agrave; certaines appr&eacute;hensions &agrave; la lecture de ces lignes. Soyez sans crainte, toutes les animatrices Joy-a ont &eacute;t&eacute; professionnellement form&eacute;es pour vous accompagner.... dans la joie. Rendu sur place, avec l&#39;&eacute;nergie, l&#39;humanisme des membres de l&#39;&eacute;quipe et la joie contagieuse, tout se fait naturellement. Et vous toucherez alors &agrave; ce sentiment de libert&eacute; inqualifiable. Vous aurez des exercices en solo, en duo, en groupe, vous vous laisserez porter par les mots et les consignes de votre animatrice Joy-a d&#39;une mani&egrave;re aussi naturelle que le flot d&#39;une rivi&egrave;re. Et au bout d&#39;une heure et quart, vous reviendrez vous assoir, lors du cercle de fermeture avec des &eacute;toiles dans les yeux et le coeur bien rempli. Et vous vous rendrez fort probablement compte &agrave; ce moment que quelque chose en vous s&#39;est m&eacute;tamorphos&eacute;. Vous n&#39;avez pas fait que vous donner physiquement car vous vous serez donn&eacute; autrement. Et vous saisirez alors toute la magie de Joy-a.&nbsp;</p>",27
37,"Attention, notez bien les dates!","<p>1 atelier&nbsp;d&#39;ici No&euml;l:&nbsp;<br />le 19 d&eacute;cembre.<br />Ninon vous invite &agrave; participer <a target=""_blank"" href=""http://www.mondeavie.ca/calendar_activities/#/conferences/39"">aux soir&eacute;es concert et aux ateliers avec M. Daniel Zekkout</a>.</p>",28
39,"Taï Chi Chuan et Qi Gong","<p>Le tai-chi chuan est un ensemble de mouvements en s&eacute;rie&nbsp;effectu&eacute;s au ralentie et qui permet un enracinement profond &agrave; la terre.&nbsp;Le tout en pleine conscience du moment pr&eacute;sent.&nbsp;</p><p>Le but de cet art est de nous amener &agrave; nous centrer et d&#39;atteindre le calme int&eacute;rieur.</p><p><img width=""45"" height=""40"" src=""http://www.mondeavie.ca/media/course_icon/logo_tai_chi-2.png"" /></p>",29
